{
  "controller/Main-dbg.controller.js": 1768295643219,
  "model/models.js": 1768227071302,
  "controller/Main.controller.js": 1768295643219,
  "controller/Default.controller.js": 1768228234495,
  "controller/App.controller.js": 1768227071418,
  "manifest.json": 1768241449886,
  "Component.js": 1768227070378,
  "model/models-dbg.js": 1768227071302,
  "model/models.js.map": 1768410291486,
  "i18n/i18n.properties": 1768227105750,
  "controller/Main.controller.js.map": 1768410291528,
  "controller/Default-dbg.controller.js": 1768228234495,
  "controller/Default.controller.js.map": 1768410291494,
  "controller/App-dbg.controller.js": 1768227071418,
  "controller/App.controller.js.map": 1768410291429,
  "Component-dbg.js": 1768227070378,
  "Component.js.map": 1768410291432,
  "Component-preload.js": 1768410291814,
  "Component-preload.js.map": 1768410291814,
  "view/Main.view.xml": 1768292495110,
  "view/Default.view.xml": 1768228201467,
  "view/App.view.xml": 1768227071534,
  "css/style.css": 1768228422335,
  "index.html": 1768227070410
}