{
  "controller/App-dbg.controller.js": 1768227071418,
  "Component.js": 1768227070378,
  "controller/Main.controller.js": 1770361556177,
  "controller/Default.controller.js": 1770202520077,
  "controller/App.controller.js": 1768227071418,
  "manifest.json": 1768900322498,
  "model/models.js": 1768227071302,
  "controller/Default-dbg.controller.js": 1770202520077,
  "controller/Default.controller.js.map": 1770361603250,
  "controller/Main-dbg.controller.js": 1770361556177,
  "controller/Main.controller.js.map": 1770361603350,
  "Component-dbg.js": 1768227070378,
  "Component.js.map": 1770361603179,
  "i18n/i18n.properties": 1768227105750,
  "controller/App.controller.js.map": 1770361603149,
  "model/models-dbg.js": 1768227071302,
  "model/models.js.map": 1770361603160,
  "Component-preload.js": 1770361603562,
  "Component-preload.js.map": 1770361603562,
  "view/Main.view.xml": 1769002529657,
  "view/Default.view.xml": 1768902208453,
  "view/App.view.xml": 1768227071534,
  "css/style.css": 1768228422335,
  "index.html": 1768227070410
}