{
  "controller/Default.controller.js.map": 1770644792059,
  "Component.js": 1768227070378,
  "controller/Main.controller.js": 1770630093993,
  "controller/Default.controller.js": 1770202520077,
  "controller/App.controller.js": 1768227071418,
  "manifest.json": 1770399945502,
  "model/models.js": 1768227071302,
  "controller/Default-dbg.controller.js": 1770202520077,
  "i18n/i18n.properties": 1768227105750,
  "controller/Main-dbg.controller.js": 1770630093993,
  "controller/Main.controller.js.map": 1770644792078,
  "Component-dbg.js": 1768227070378,
  "Component.js.map": 1770644792032,
  "controller/App-dbg.controller.js": 1768227071418,
  "controller/App.controller.js.map": 1770644792038,
  "model/models-dbg.js": 1768227071302,
  "model/models.js.map": 1770644792036,
  "Component-preload.js": 1770644792196,
  "Component-preload.js.map": 1770644792196,
  "view/Main.view.xml": 1770559680353,
  "view/Default.view.xml": 1768902208453,
  "view/App.view.xml": 1768227071534,
  "css/style.css": 1768228422335,
  "index.html": 1768227070410
}