{
  "Component-dbg.js": 1768227070378,
  "model/models.js": 1768227071302,
  "controller/Main.controller.js": 1769439449549,
  "controller/Default.controller.js": 1768902725596,
  "controller/App.controller.js": 1768227071418,
  "manifest.json": 1768900322498,
  "Component.js": 1768227070378,
  "i18n/i18n.properties": 1768227105750,
  "Component.js.map": 1769667030542,
  "controller/Main-dbg.controller.js": 1769439449549,
  "controller/Main.controller.js.map": 1769667030621,
  "controller/Default-dbg.controller.js": 1768902725596,
  "controller/Default.controller.js.map": 1769667030588,
  "controller/App-dbg.controller.js": 1768227071418,
  "controller/App.controller.js.map": 1769667030543,
  "model/models-dbg.js": 1768227071302,
  "model/models.js.map": 1769667030542,
  "Component-preload.js": 1769667030784,
  "Component-preload.js.map": 1769667030785,
  "view/Main.view.xml": 1769002529657,
  "view/Default.view.xml": 1768902208453,
  "view/App.view.xml": 1768227071534,
  "css/style.css": 1768228422335,
  "index.html": 1768227070410
}