{
  "controller/App.controller.js.map": 1770361595559,
  "controller/Main.controller.js": 1770198651227,
  "model/models.js": 1768219686416,
  "controller/Default.controller.js": 1770309536671,
  "controller/App.controller.js": 1768219686436,
  "manifest.json": 1768895954922,
  "Component.js": 1768219686392,
  "model/models-dbg.js": 1768219686416,
  "model/models.js.map": 1770361595547,
  "controller/Main-dbg.controller.js": 1770198651227,
  "controller/Main.controller.js.map": 1770361595686,
  "controller/Default-dbg.controller.js": 1770309536671,
  "controller/Default.controller.js.map": 1770361595662,
  "controller/App-dbg.controller.js": 1768219686436,
  "i18n/i18n.properties": 1768228604470,
  "Component-dbg.js": 1768219686392,
  "Component.js.map": 1770361595559,
  "Component-preload.js": 1770361595964,
  "Component-preload.js.map": 1770361595964,
  "view/Main.view.xml": 1768728122226,
  "view/Default.view.xml": 1768903680671,
  "view/App.view.xml": 1768219686452,
  "css/style.css": 1768225306250,
  "index.html": 1768219686396
}