{
  "Component.js.map": 1768410287904,
  "manifest.json": 1768220190287,
  "controller/Main.controller.js": 1768287883140,
  "controller/Default.controller.js": 1768220039147,
  "controller/App.controller.js": 1768219686436,
  "model/models.js": 1768219686416,
  "Component.js": 1768219686392,
  "Component-dbg.js": 1768219686392,
  "i18n/i18n.properties": 1768228604470,
  "controller/Default-dbg.controller.js": 1768220039147,
  "controller/Default.controller.js.map": 1768410287905,
  "controller/App-dbg.controller.js": 1768219686436,
  "controller/App.controller.js.map": 1768410287902,
  "model/models-dbg.js": 1768219686416,
  "model/models.js.map": 1768410287909,
  "controller/Main-dbg.controller.js": 1768287883140,
  "controller/Main.controller.js.map": 1768410287940,
  "Component-preload.js": 1768410288072,
  "Component-preload.js.map": 1768410288072,
  "view/Main.view.xml": 1768295289736,
  "view/Default.view.xml": 1768219822744,
  "view/App.view.xml": 1768219686452,
  "css/style.css": 1768225306250,
  "index.html": 1768219686396
}