{
  "Component.js": 1768219686392,
  "controller/Default.controller.js": 1768902809604,
  "controller/Main.controller.js": 1768896802381,
  "model/models.js": 1768219686416,
  "controller/App.controller.js": 1768219686436,
  "manifest.json": 1768895954922,
  "i18n/i18n.properties": 1768228604470,
  "controller/Default-dbg.controller.js": 1768902809604,
  "controller/Default.controller.js.map": 1769679784965,
  "controller/Main-dbg.controller.js": 1768896802381,
  "controller/Main.controller.js.map": 1769679785004,
  "model/models-dbg.js": 1768219686416,
  "model/models.js.map": 1769679784953,
  "controller/App-dbg.controller.js": 1768219686436,
  "controller/App.controller.js.map": 1769679784938,
  "Component-dbg.js": 1768219686392,
  "Component.js.map": 1769679784941,
  "Component-preload.js": 1769679785120,
  "Component-preload.js.map": 1769679785120,
  "view/Main.view.xml": 1768728122226,
  "view/Default.view.xml": 1768903680671,
  "view/App.view.xml": 1768219686452,
  "css/style.css": 1768225306250,
  "index.html": 1768219686396
}