{
  "view/Summary.view.xml": 1769752709051,
  "manifest.json": 1769347510278,
  "controller/Summary.controller.js": 1769780040827,
  "controller/ShiftDetails.controller.js": 1769790571677,
  "controller/Main.controller.js": 1769777425113,
  "controller/LaborNeed.controller.js": 1769790735741,
  "controller/App.controller.js": 1768468746890,
  "model/models.js": 1768468746890,
  "Component.js": 1769100337127,
  "controller/ShiftDetails-dbg.controller.js": 1769790571677,
  "controller/ShiftDetails.controller.js.map": 1769792105031,
  "controller/Summary-dbg.controller.js": 1769780040827,
  "controller/Summary.controller.js.map": 1769792105042,
  "controller/Main-dbg.controller.js": 1769777425113,
  "controller/Main.controller.js.map": 1769792105120,
  "controller/LaborNeed-dbg.controller.js": 1769790735741,
  "controller/LaborNeed.controller.js.map": 1769792105022,
  "controller/App-dbg.controller.js": 1768468746890,
  "controller/App.controller.js.map": 1769792105022,
  "model/models-dbg.js": 1768468746890,
  "model/models.js.map": 1769792105025,
  "Component-dbg.js": 1769100337127,
  "Component.js.map": 1769792105028,
  "Component-preload.js": 1769792105273,
  "Component-preload.js.map": 1769792105273,
  "i18n/i18n.properties": 1768468759734,
  "view/ShiftDetails.view.xml": 1769791976321,
  "view/Main.view.xml": 1769767220260,
  "view/Labor.view.xml": 1769790909985,
  "view/App.view.xml": 1768468746894,
  "css/style.css": 1769791414145,
  "index.html": 1768468746878
}