{
  "controller/Main.controller.js": 1770399443886,
  "i18n/i18n.properties": 1768468759734,
  "controller/Summary.controller.js": 1769966756369,
  "controller/ShiftDetails.controller.js": 1770387655208,
  "model/models.js": 1768468746890,
  "controller/LaborNeed.controller.js": 1770381436424,
  "controller/App.controller.js": 1768468746890,
  "manifest.json": 1769347510278,
  "Component.js": 1770397966710,
  "model/models-dbg.js": 1768468746890,
  "model/models.js.map": 1770644795259,
  "controller/Summary-dbg.controller.js": 1769966756369,
  "controller/Summary.controller.js.map": 1770644795290,
  "controller/ShiftDetails-dbg.controller.js": 1770387655208,
  "controller/ShiftDetails.controller.js.map": 1770644795264,
  "controller/Main-dbg.controller.js": 1770399443886,
  "controller/Main.controller.js.map": 1770644795297,
  "controller/LaborNeed-dbg.controller.js": 1770381436424,
  "controller/LaborNeed.controller.js.map": 1770644795281,
  "controller/App-dbg.controller.js": 1768468746890,
  "controller/App.controller.js.map": 1770644795275,
  "Component-dbg.js": 1770397966710,
  "Component.js.map": 1770644795280,
  "Component-preload.js": 1770644795463,
  "Component-preload.js.map": 1770644795463,
  "view/Summary.view.xml": 1770396319246,
  "view/ShiftDetails.view.xml": 1770393958681,
  "view/Main.view.xml": 1769767220260,
  "view/Labor.view.xml": 1770644568819,
  "view/App.view.xml": 1768468746894,
  "css/style.css": 1769966566997,
  "index.html": 1768468746878
}