{
  "model/models.js.map": 1769667034291,
  "controller/Summary.controller.js": 1769619795938,
  "model/models.js": 1768468746890,
  "controller/ShiftDetails.controller.js": 1769616229451,
  "controller/Main.controller.js": 1769666992386,
  "controller/LaborNeed.controller.js": 1769612818081,
  "controller/App.controller.js": 1768468746890,
  "manifest.json": 1769347510278,
  "Component.js": 1769100337127,
  "controller/ShiftDetails-dbg.controller.js": 1769616229451,
  "controller/ShiftDetails.controller.js.map": 1769667034282,
  "model/models-dbg.js": 1768468746890,
  "i18n/i18n.properties": 1768468759734,
  "controller/Summary-dbg.controller.js": 1769619795938,
  "controller/Summary.controller.js.map": 1769667034382,
  "controller/Main-dbg.controller.js": 1769666992386,
  "controller/Main.controller.js.map": 1769667034412,
  "controller/LaborNeed-dbg.controller.js": 1769612818081,
  "controller/LaborNeed.controller.js.map": 1769667034291,
  "controller/App-dbg.controller.js": 1768468746890,
  "controller/App.controller.js.map": 1769667034294,
  "Component-dbg.js": 1769100337127,
  "Component.js.map": 1769667034300,
  "Component-preload.js": 1769667034820,
  "Component-preload.js.map": 1769667034821,
  "view/Summary.view.xml": 1769603673185,
  "view/ShiftDetails.view.xml": 1769577121327,
  "view/Main.view.xml": 1769664536113,
  "view/Labor.view.xml": 1769521522488,
  "view/App.view.xml": 1768468746894,
  "css/style.css": 1769435925432,
  "index.html": 1768468746878
}