{
  "controller/Main.controller.js.map": 1770361607949,
  "controller/App.controller.js": 1768468746890,
  "controller/Summary.controller.js": 1769966756369,
  "controller/ShiftDetails.controller.js": 1769790571677,
  "controller/Main.controller.js": 1770200391442,
  "controller/LaborNeed.controller.js": 1769790735741,
  "model/models.js": 1768468746890,
  "manifest.json": 1769347510278,
  "Component.js": 1769100337127,
  "controller/Summary-dbg.controller.js": 1769966756369,
  "controller/Summary.controller.js.map": 1770361607866,
  "controller/App-dbg.controller.js": 1768468746890,
  "controller/App.controller.js.map": 1770361607776,
  "controller/ShiftDetails-dbg.controller.js": 1769790571677,
  "controller/ShiftDetails.controller.js.map": 1770361607788,
  "controller/Main-dbg.controller.js": 1770200391442,
  "i18n/i18n.properties": 1768468759734,
  "controller/LaborNeed-dbg.controller.js": 1769790735741,
  "controller/LaborNeed.controller.js.map": 1770361607846,
  "model/models-dbg.js": 1768468746890,
  "model/models.js.map": 1770361607791,
  "Component-dbg.js": 1769100337127,
  "Component.js.map": 1770361607851,
  "Component-preload.js": 1770361608189,
  "Component-preload.js.map": 1770361608189,
  "view/Summary.view.xml": 1769966747265,
  "view/ShiftDetails.view.xml": 1769791976321,
  "view/Main.view.xml": 1769767220260,
  "view/Labor.view.xml": 1769790909985,
  "view/App.view.xml": 1768468746894,
  "css/style.css": 1769966566997,
  "index.html": 1768468746878
}